{
    "article": [
    {
      "username": "3******c",
      "posttime": 1469281964000,
      "likeCount": 2,
      "commentCount": 3,
      "integral": 5,
      "tag": ["vue","webpack","node"],
      "textTitle": "如何修复Vue中的 “this is undefined” 问题.如何修复Vue中的 “this is undefined” 问题如何修复Vue中的 “this is undefined” 问题",
      "textContent": "raw-loader：加载文件原始内容（utf-8）",
      "headportrait": "http://static.galileo.xiaojukeji.com/static/tms/default_header.png"
    },
    {
      "username": "3******c",
      "posttime": 1469281964000,
      "likeCount": 3,
      "commentCount": 4,
      "integral": 6,
      "tag": ["vue","webpack","node"],
      "textTitle": "如何修复Vue中的 “this is undefined” 问题.",
      "textContent": "raw-loader：加载文件原始内容（utf-8）",
      "headportrait": "http://static.galileo.xiaojukeji.com/static/tms/default_header.png"
    },
    {
      "username": "4******c",
      "posttime": 1469281964000,
      "likeCount": 4,
      "commentCount": 5,
      "integral": 5,
      "tag": ["vue","webpack","node"],
      "textTitle": "如何修复Vue中的 “this is undefined” 问题.",
      "textContent": "raw-loader：加载文件原始内容（utf-8）",
      "headportrait": "http://static.galileo.xiaojukeji.com/static/tms/default_header.png"
    },
     {
      "username": "5******c",
      "posttime": 1469281964000,
      "likeCount": 6,
      "commentCount": 7,
      "integral": 4,
      "tag": ["vue","webpack","前端"],
      "textTitle": "如何修复Vue中的 “this is undefined” 问题.",
      "textContent": "raw-loader：加载文件原始内容（utf-8）",
      "headportrait": "http://static.galileo.xiaojukeji.com/static/tms/default_header.png"
    },
    {
      "username": "6******c",
      "posttime": 1469281964000,
      "likeCount": 8,
      "commentCount": 7,
      "integral": 4,
      "tag": ["vue","webpack","前端"],
      "textTitle": "如何修复Vue中的 “this is undefined” 问题.",
      "textContent": "raw-loader：加载文件原始内容（utf-8）",
      "headportrait": "http://static.galileo.xiaojukeji.com/static/tms/default_header.png"
    },
    {
      "username": "7******c",
      "posttime": 1469281964000,
      "likeCount": 9,
      "commentCount": 7,
      "integral": 4,
      "tag": ["vue","webpack"],
      "textTitle": "如何修复Vue中的 “this is undefined” 问题.",
      "textContent": "raw-loader：加载文件原始内容（utf-8）",
      "headportrait": "http://static.galileo.xiaojukeji.com/static/tms/default_header.png"
    },
    {
      "username": "8******c",
      "posttime": 146928143964000,
      "likeCount": 7,
      "commentCount": 7,
      "integral": 4,
      "tag": ["vue","webpack"],
      "textTitle": "如何修复Vue中的 “this is undefined” 问题.",
      "textContent": "raw-loader：加载文件原始内容（utf-8）",
      "headportrait": "http://static.galileo.xiaojukeji.com/static/tms/default_header.png"
    },
    {
      "username": "9******c",
      "posttime": 146122984000,
      "likeCount": 5,
      "commentCount": 7,
      "integral": 1,
      "tag": ["vue","webpack"],
      "textTitle": "如何修复Vue中的 “this is undefined” 问题.",
      "textContent": "raw-loader：加载文件原始内容（utf-8）",
      "headportrait": "http://static.galileo.xiaojukeji.com/static/tms/default_header.png"
    },
   {
      "username": "1******c",
      "posttime": 146281234000,
      "likeCount": 5,
      "commentCount": 1,
      "integral": 8,
      "tag": ["vue","webpack"],
      "textTitle": "如何修复Vue中的 “this is undefined” 问题.",
      "textContent": "raw-loader：加载文件原始内容（utf-8）",
      "headportrait": "http://static.galileo.xiaojukeji.com/static/tms/default_header.png"
    },
   {
      "username": "2******c",
      "posttime": 146923964000,
      "likeCount": 5,
      "commentCount": 2,
      "integral": 9,
      "tag": ["vue","webpack"],
      "textTitle": "如何修复Vue中的 “this is undefined” 问题.",
      "textContent": "raw-loader：加载文件原始内容（utf-8）",
      "headportrait": "http://static.galileo.xiaojukeji.com/static/tms/default_header.png"
    },
    {
      "username": "a******c",
      "posttime": 146923964000,
      "likeCount": 5,
      "commentCount": 10,
      "integral": 1,
      "tag": ["vue","webpack"],
      "textTitle": "如何修复Vue中的 “this is undefined” 问题.",
      "textContent": "raw-loader：加载文件原始内容（utf-8）",
      "headportrait": "http://static.galileo.xiaojukeji.com/static/tms/default_header.png"
    },
   {
      "username": "b******c",
      "posttime": 1469281960480,
      "likeCount": 5,
      "commentCount": 7,
      "integral": 1,
      "tag": ["vue","webpack"],
      "textTitle": "如何修复Vue中的 “this is undefined” 问题.",
      "textContent": "raw-loader：加载文件原始内容（utf-8）",
      "headportrait": "http://static.galileo.xiaojukeji.com/static/tms/default_header.png"
    },
    {
      "username": "f******c",
      "posttime": 1512692819440,
      "likeCount": 5,
      "commentCount": 7,
      "integral": 1,
      "tag": ["vue","webpack"],
      "textTitle": "如何修复Vue中的 “this is undefined” 问题.",
      "textContent": "raw-loader：加载文件原始内容（utf-8）",
      "headportrait": "http://static.galileo.xiaojukeji.com/static/tms/default_header.png"
    },
    {
      "username": "k******3",
      "posttime": 146928196400,
      "likeCount": 5,
      "commentCount": 7,
      "integral": 1,
      "tag": ["vue","webpack"],
      "textTitle": "如何修复Vue中的 “this is undefined” 问题.",
      "textContent": "raw-loader：加载文件原始内容（utf-8）",
      "headportrait": "http://static.galileo.xiaojukeji.com/static/tms/default_header.png"
    },
    {
      "username": "u******b",
      "posttime": 1469281964000,
      "likeCount": 5,
      "commentCount": 1,
      "integral": 1,
      "tag": ["vue","webpack"],
      "textTitle": "如何修复Vue中的 “this is undefined” 问题.",
      "textContent": "raw-loader：加载文件原始内容（utf-8）",
      "headportrait": "http://static.galileo.xiaojukeji.com/static/tms/default_header.png"
    },
    {
      "username": "s******c",
      "posttime": 1469281964000,
      "likeCount": 5,
      "commentCount": 0,
      "integral": 1,
      "tag": ["vue","webpack"],
      "textTitle": "如何修复Vue中的 “this is undefined” 问题.",
      "textContent": "raw-loader：加载文件原始内容（utf-8）",
      "headportrait": "http://static.galileo.xiaojukeji.com/static/tms/default_header.png"
    },
    {
    "username": "z******3",
     "posttime": 1469281964000,
     "likeCount": 5,
      "commentCount": 0,
      "integral": 1,
     "tag": ["vue","webpack"],
     "textTitle": "如何修复Vue中的 “this is undefined” 问题.",
     "textContent": "raw-loader：加载文件原始内容（utf-8）",
     "headportrait": "http://static.galileo.xiaojukeji.com/static/tms/default_header.png"
    },
    {
      "username": "n******b",
      "posttime": 1469281964000,
      "likeCount": 5,
      "integral": 1,
      "commentCount": 0,
      "tag": ["vue","webpack"],
      "textTitle": "如何修复Vue中的 “this is undefined” 问题.",
      "textContent": "raw-loader：加载文件原始内容（utf-8）",
      "headportrait": "http://static.galileo.xiaojukeji.com/static/tms/default_header.png"
    },
    {
        "username": "n******b",
        "posttime": 1469281964000,
        "likeCount": 5,
        "commentCount": 1,
        "integral": 1,
        "tag": ["vue","webpack"],
        "textTitle": "如何修复Vue中的 “this is undefined” 问题.",
        "textContent": "raw-loader：加载文件原始内容（utf-8）",
        "headportrait": "http://static.galileo.xiaojukeji.com/static/tms/default_header.png"
    },
    {
      "username": "l******3",
      "posttime": 1469281964000,
      "likeCount": 5,
      "commentCount": 2,
      "integral": 1,
      "tag": ["vue","webpack"],
      "textTitle": "如何修复Vue中的 “this is undefined” 问题.",
      "textContent": "raw-loader：加载文件原始内容（utf-8）",
      "headportrait": "http://static.galileo.xiaojukeji.com/static/tms/default_header.png"
    },
    {
      "username": "3******o",
      "posttime": 1469281964000,
      "likeCount": 5,
      "commentCount": 2,
      "integral": 5,
      "tag": ["vue","webpack"],
      "textTitle": "如何修复Vue中的 “this is undefined” 问题.",
      "textContent": "raw-loader：加载文件原始内容（utf-8）",
      "headportrait": "http://static.galileo.xiaojukeji.com/static/tms/default_header.png"
    },
    {
      "username": "3******p",
      "posttime": 1469281964000,
      "likeCount": 5,
      "integral": 4,
      "commentCount": 1,      
      "tag": ["vue","webpack"],
      "textTitle": "如何修复Vue中的 “this is undefined” 问题.",
      "textContent": "raw-loader：加载文件原始内容（utf-8）",
      "headportrait": "http://static.galileo.xiaojukeji.com/static/tms/default_header.png"
    },
    {
      "username": "o******k",
      "posttime": 1469281964000,
      "likeCount": 5,
      "commentCount": 2,
      "integral": 1,
      "tag": ["vue","webpack"],
      "textTitle": "如何修复Vue中的 “this is undefined” 问题.",
      "textContent": "raw-loader：加载文件原始内容（utf-8）",
      "headportrait": "http://static.galileo.xiaojukeji.com/static/tms/default_header.png"
    },
    {
      "username": "k******b",
      "posttime": 1469281964000,
      "likeCount": 5,
      "commentCount": 4,
      "integral": 10,
      "tag": ["vue","webpack"],
      "textTitle": "如何修复Vue中的 “this is undefined” 问题.",
      "textContent": "raw-loader：加载文件原始内容（utf-8）",
      "headportrait": "http://static.galileo.xiaojukeji.com/static/tms/default_header.png"
    }, {
      "username": "k******b",
      "posttime": 1469281964000,
      "likeCount": 5,
      "commentCount": 5,
      "integral": 1,
      "tag": ["vue","webpack"],
      "textTitle": "如何修复Vue中的 “this is undefined” 问题.",
      "textContent": "raw-loader：加载文件原始内容（utf-8）",
      "headportrait": "http://static.galileo.xiaojukeji.com/static/tms/default_header.png"
    }, {
      "username": "k******b",
      "posttime": 1469281964000,
      "likeCount": 5,
      "commentCount": 6,
      "integral": 1,
      "tag": ["vue","webpack"],
      "textTitle": "如何修复Vue中的 “this is undefined” 问题.",
      "textContent": "raw-loader：加载文件原始内容（utf-8）",
      "headportrait": "http://static.galileo.xiaojukeji.com/static/tms/default_header.png"
    }, {
      "username": "k******b",
      "posttime": 1469281964000,
      "likeCount": 5,
      "commentCount": 0,
      "integral": 1,
      "tag": ["vue","webpack"],
      "textTitle": "如何修复Vue中的 “this is undefined” 问题.",
      "textContent": "raw-loader：加载文件原始内容（utf-8）",
      "headportrait": "http://static.galileo.xiaojukeji.com/static/tms/default_header.png"
    }, {
      "username": "k******b",
      "posttime": 1469281964000,
      "likeCount": 5,
      "commentCount": 7,
      "integral": 1,
      "tag": ["vue","webpack"],
      "textTitle": "如何修复Vue中的 “this is undefined” 问题.",
      "textContent": "raw-loader：加载文件原始内容（utf-8）",
      "headportrait": "http://static.galileo.xiaojukeji.com/static/tms/default_header.png"
       }, {
      "username": "k******b",
      "posttime": 1469281964000,
      "likeCount": 5,
      "commentCount": 7,
      "integral": 1,
      "tag": ["vue","webpack"],
      "textTitle": "如何修复Vue中的 “this is undefined” 问题.",
      "textContent": "raw-loader：加载文件原始内容（utf-8）",
      "headportrait": "http://static.galileo.xiaojukeji.com/static/tms/default_header.png"
    }, {
      "username": "k******b",
      "posttime": 1469281964000,
      "likeCount": 5,
      "commentCount": 7,
      "integral": 1,
      "tag": ["vue","webpack"],
      "textTitle": "如何修复Vue中的 “this is undefined” 问题.",
      "textContent": "raw-loader：加载文件原始内容（utf-8）",
      "headportrait": "http://static.galileo.xiaojukeji.com/static/tms/default_header.png"
    }, {
      "username": "k******b",
      "posttime": 1469281964000,
      "likeCount": 5,
      "commentCount": 7,
      "integral": 1,
      "tag": ["vue","webpack"],
      "textTitle": "如何修复Vue中的 “this is undefined” 问题.",
      "textContent": "raw-loader：加载文件原始内容（utf-8）",
      "headportrait": "http://static.galileo.xiaojukeji.com/static/tms/default_header.png"
    }
  ]
}